{"global_step": 25001984, "_timestamp": 1690035934.792214, "Loss/pi": -0.006523896008729935, "Loss/v": 0.5802605152130127, "Loss/entropy": 1.9526176452636719, "Rewards/max_episodes": 75.0, "Rewards/mean_episodes": 51.724998474121094, "Rewards/min_episodes": 7.0, "Len/max_episodes": 566.0, "Len/mean_episodes": 475.54998779296875, "Len/min_episodes": 89.0, "_runtime": 11751.90724492073, "_step": 762, "_wandb": {"runtime": 11750}}