{"global_step": 25001984, "_timestamp": 1690093250.5496845, "Loss/pi": -0.007638419046998024, "Loss/v": 0.6086990833282471, "Loss/entropy": 2.0086729526519775, "Rewards/max_episodes": 91.0, "Rewards/mean_episodes": 48.45000076293945, "Rewards/min_episodes": 8.0, "Len/max_episodes": 573.0, "Len/mean_episodes": 452.1000061035156, "Len/min_episodes": 107.0, "_runtime": 7375.410544633865, "_step": 762, "_wandb": {"runtime": 7374}}