{"global_step": 25001984, "_timestamp": 1690083520.476636, "Loss/pi": -0.006544823758304119, "Loss/v": 0.551832914352417, "Loss/entropy": 1.9487707614898682, "Rewards/max_episodes": 82.0, "Rewards/mean_episodes": 48.70000076293945, "Rewards/min_episodes": 9.0, "Len/max_episodes": 565.0, "Len/mean_episodes": 444.45001220703125, "Len/min_episodes": 120.0, "_runtime": 7264.614325046539, "_step": 762, "_wandb": {"runtime": 7262}}